<?xml version="1.0" encoding="UTF-8"?>
<project-private xmlns="http://www.netbeans.org/ns/project-private/1">
    <editor-bookmarks xmlns="http://www.netbeans.org/ns/editor-bookmarks/2" lastBookmarkId="0"/>
    <open-files xmlns="http://www.netbeans.org/ns/projectui-open-files/2">
        <group>
            <file>file:/C:/Users/zacha/Documents/NetBeansProjects/Toye-NakamuraZacharyFinalProject/src/toye/nakamurazacharyfinalproject/frmRoulette.java</file>
            <file>file:/C:/Users/zacha/Documents/NetBeansProjects/Toye-NakamuraZacharyFinalProject/src/toye/nakamurazacharyfinalproject/frmRouletteInfo.java</file>
            <file>file:/C:/Users/zacha/Documents/NetBeansProjects/Toye-NakamuraZacharyFinalProject/src/toye/nakamurazacharyfinalproject/frmBlackjack.java</file>
            <file>file:/C:/Users/zacha/Documents/NetBeansProjects/Toye-NakamuraZacharyFinalProject/src/toye/nakamurazacharyfinalproject/frmTitlePage.java</file>
        </group>
    </open-files>
</project-private>
